<bingoals>
  <version version="3"></version>
  <info title="viceci"
                   description="Probably need to establish some concrete rules for less vagueness. Here's some I can think of:
        
* If your game crashes after finishing an objective it will still count as completed and you don't have to redo.
* If your game crashes during an objective (eg. while collecting packages) you must start over. So if you collected 14 out of 20 packages, then crash, you must collect those 14 packages again, rather than just the remaining 6. (I think, people please confirm this rule) -- I agree
* Also you aren't allowed to reset the game to do objectives you lock yourself out (like mhmd did to do Drive Misty for me with a dodo), unless you reset your whole bingo card.

"></info>
  <bools>
    <bool name="glitchonly"
                   description="This goal requires glitching the game to complete"
                   type="bool"></bool>
  </bools>

  
  <!-- Length:
0 = Can be done before An Old Friend and don't take too long (5-10 minutes max, roughly, with time spent driving to the objective not weighing as heavily. (Robberies will cost way less than the all robberies WR if properly routed within all the other objectives).
1 = Can either be done before An Old Friend, but take a while to complete (10+ minutes), or can be done fairly early on (~before guardian angels) and don't take too long (5-10 min), again not weighing driving time as heavily.
2 = Doable after Phnom Penh, and short. Or moderately long goals from the start. 
3 = Rub Out/Shakedown required, but after that not much time is needed. Or very long goals doable from the start.
4 = Rub Out/Shakedown required, and will take a while to complete. Or extremely long goals doable from the start.
5 = Pretty much a landmine, doing this on its own will take close to an hour, nevermind the other stuff.

Difficulty:
0 = Anyone who has ever completed a VC any% run/playthrough can do this without prior experience doing it
1 = Takes some game knowledge to execute well but not too hard
2 = Moderately hard but not frustratingly so
3 = Designed to be difficult, even 100% runners struggle with this -->
        
        
  
  
  
  <goals>
    <!-- collectibles -->
    <goal name="20 packages"
                   description="Collect 20 hidden packages"
                   difficulty="1"
                   length="0"></goal>
    <goal name="40 packages"
                   description="Collect 40 hidden packages"
                   difficulty="1"
                   length="1"></goal>
    <goal name="60 packages"
                   description="Collect 60 hidden packages"
                   difficulty="1"
                   length="1"></goal>
    <goal name="80 packages"
                   description="Collect 80 hidden packages"
                   difficulty="1"
                   length="1"></goal>
    <goal name="100 packages"
                   description="Collect all 100 hidden packages"
                   difficulty="3"
                   length="2"></goal>

    <goal name="8 rampages"
                   description="Complete 8 rampages"
                   difficulty="1"
                   length="0"></goal>
    <goal name="15 rampages"
                   description="Complete 15 rampages"
                   difficulty="1"
                   length="1"></goal>
    <goal name="25 rampages"
                   description="Complete 25 rampages"
                   difficulty="1"
                   length="2"></goal>
    <goal name="35 rampages"
                   description="Complete all 35 rampages"
                   difficulty="3"
                   length="3"></goal>

    <goal name="8 unique stunt jumps"
                   description="Complete 8 unique stunt jumps"
                   difficulty="1"
                   length="0"></goal>
    <goal name="16 unique stunt jumps"
                   description="Complete 16 unique stunt jumps"
                   difficulty="1"
                   length="1"></goal>
    <goal name="26 unique stunt jumps"
                   description="Complete 26 unique stunt jumps"
                   difficulty="1"
                   length="2"></goal>
    <goal name="31 unique stunt jumps"
                   description="Complete 31 unique stunt jumps"
                   difficulty="3"
                   length="2"></goal>
    <goal name="36 unique stunt jumps"
                   description="Complete all 36 unique stunt jumps"
                   difficulty="3"
                   length="5"></goal>

    <goal name="8 robberies"
                   description="rob 8 different stores"
                   difficulty="1"
                   length="0"></goal>
    <goal name="15 robberies"
                   description="rob all 15 stores"
                   difficulty="2"
                   length="0"></goal>

    <goal name="katana rampages"
                   description="complete both katana rampages"
                   difficulty="3"
                   length="0"></goal>

    <!-- side activities -->
    <goal name="1 chopper checkpoint"
                   description="Complete 1 chopper checkpoint helicopter trial"
                   difficulty="0"
                   length="3"></goal>
    <goal name="2 chopper checkpoints"
                   description="Complete 2 different chopper checkpoint helicopter trials"
                   difficulty="1"
                   length="3"></goal>
    <goal name="3 chopper checkpoints"
                   description="Complete 3 different chopper checkpoint helicopter trials"
                   difficulty="1"
                   length="3"></goal>
    <goal name="4 chopper checkpoints"
                   description="Complete 4 different chopper checkpoint helicopter trials"
                   difficulty="2"
                   length="5"></goal>

    <goal name="Test Track and Trial By Dirt"
                   description="Complete Test Track and Trial By Dirt"
                   difficulty="1"
                   length="0"></goal>
    <goal name="Test Track"
                   description="Complete Test Track"
                   difficulty="1"
                   length="0"></goal>

    <goal name="PCJ Playground"
                   description="Complete PCJ Playground"
                   difficulty="2"
                   length="0"></goal>
    <goal name="Hotring"
                   description="Win the Hotring Stadium event"
                   difficulty="3"
                   length="0"></goal>
    <goal name="Dirtring"
                   description="Complete the Dirtring Stadium event"
                   difficulty="1"
                   length="0"></goal>
    <goal name="2 stadium events"
                   description="Complete 2 different stadium events"
                   difficulty="2"
                   length="0"></goal>
    <goal name="3 stadium events"
                   description="Complete 3 different stadium events"
                   difficulty="3"
                   length="1"></goal>

    <goal name="RC Baron race"
                   description="Win the RC Baron race"
                   difficulty="1"
                   length="0"></goal>
    <goal name="RC Bandit race"
                   description="Win the RC Bandit race"
                   difficulty="1"
                   length="0"></goal>
    <goal name="RC Raider pickup"
                   description="Complete the RC Raider Pickup"
                   difficulty="2"
                   length="0"></goal>
    <goal name="2 Top Fun Trials"
                   description="Complete 2 different Top Fun trials"
                   difficulty="1"
                   length="0"></goal>
    <goal name="3 Top Fun Trials"
                   description="Complete all 3 Top Fun trials"
                   difficulty="2"
                   length="1"></goal>

    <!-- vehicle odd jobs -->
    <goal name="Vigilante level 6"
                   description="Complete Vigilante level 6"
                   difficulty="2"
                   length="1"></goal>
    <goal name="Vigilante level 12"
                   description="Complete Vigilante level 12"
                   difficulty="3"
                   length="3"></goal>
    <goal name="Paramedic level 6"
                   description="Complete paramedic level 6"
                   difficulty="0"
                   length="2"></goal>
    <goal name="Paramedic level 12"
                   description="Complete paramedic level 12"
                   difficulty="2"
                   length="4"></goal>
    <goal name="Firefighter level 6"
                   description="Complete Firefighter level 6"
                   difficulty="0"
                   length="1"></goal>
    <goal name="Firefighter level 12"
                   description="Complete Firefighter level 12"
                   difficulty="1"
                   length="3"></goal>
    <goal name="Pizza boy level 5"
                   description="Complete pizza boy level 5"
                   difficulty="0"
                   length="1"></goal>
    <goal name="Pizza boy level 10"
                   description="Complete pizza boy level 10"
                   difficulty="2"
                   length="4"></goal>
    <goal name="10 fares"
                   description="Do 10 fares in Taxi Driver. Duped fares count"
                   difficulty="0"
                   length="1"></goal>
    <goal name="33 fares"
                   description="Do 33 fares in Taxi Driver. Duped fares count"
                   difficulty="0"
                   length="2"></goal>
    <goal name="67 fares"
                   description="Do 67 fares in Taxi Driver. Duped fares count"
                   difficulty="0"
                   length="4"></goal>
    <goal name="Taxi Driver"
                   description="Complete Taxi Driver"
                   difficulty="0"
                   length="5"></goal>

    <!-- payphone -->
    <goal name="Waste the Wife"
                   description="Finish 'Waste the Wife'"
                   difficulty="0"
                   length="1"></goal>
    <goal name="Autocide"
                   description="Finish 'Autocide'"
                   difficulty="0"
                   length="2"></goal>
    <goal name="Check-out At The Check-in"
                   description="Finish 'Check-out At The Check-in'"
                   difficulty="1"
                   length="3"></goal>
    <goal name="Loose Ends"
                   description="Finish 'Loose Ends'"
                   difficulty="2"
                   length="4"></goal>
    <!-- Love Fist/Bikers -->
    <goal name="Alloy Wheels of Steel"
                   description="Finish 'Alloy Wheels of Steel'"
                   difficulty="0"
                   length="3"></goal>
    <goal name="Messing With The Man"
                   description="Finish 'Messing With The Man'"
                   difficulty="2"
                   length="3"></goal>
    <goal name="Hog Tied"
                   description="Finish 'Hog Tied'"
                   difficulty="2"
                   length="3"></goal>
    <goal name="Publicity Tour"
                   description="Finish 'Publicity Tour'"
                   difficulty="2"
                   length="4"></goal>
    <!-- Avery/Umberto/Poulet -->
    <goal name="Demolition Man"
                   description="Finish 'Demolition Man'"
                   difficulty="2"
                   length="1"></goal>
    <goal name="Two Bit Hit"
                   description="Finish 'Two Bit Hit'"
                   difficulty="2"
                   length="2"></goal>
    <goal name="Dirty Lickin's"
                   description="Finish 'Dirty Lickin's'"
                   difficulty="3"
                   length="3"></goal>
    <goal name="Naval Engagement"
                   description="Finish 'Naval Engagement'"
                   difficulty="2"
                   length="3"></goal>
    <goal name="Trojan Voodoo"
                   description="Finish 'Trojan Voodoo'"
                   difficulty="3"
                   length="4"></goal>
    <!-- Main storyline characters -->
    <goal name="All Hands On Deck"
                   description="Finish 'All Hands On Deck'"
                   difficulty="0"
                   length="3"></goal>
    <goal name="Rub Out"
                   description="Finish 'Rub Out'"
                   difficulty="0"
                   length="3"></goal>
    <goal name="Phnom Penh '86"
                   description="Finish 'Phnom Penh 86'"
                   difficulty="0"
                   length="2"></goal>
    <goal name="Guardian Angels"
                   description="Finish 'Guardian Angels'"
                   difficulty="0"
                   length="2"></goal>
    <goal name="Cap The Collector"
                   description="Finish 'Cap The Collector'"
                   difficulty="0"
                   length="5"></goal>
    <goal name="Keep Your Friend Close"
                   description="Finish 'Keep Your Friends Close'"
                   difficulty="0"
                   length="5"></goal>

    <!-- Missions with restrictions -->
    <goal name="Sir Mass Murder Sir"
                   description="Kill all the soldiers before stealing the Tank on 'Sir Yes Sir'"
                   difficulty="3"
                   length="2"></goal>
    <goal name="Chase the Plates"
                   description="Let the woman drive off and leave Vice Port before killing her and taking her plates on 'Hit the Courier'"
                   difficulty="3"
                   length="3"></goal>
    <goal name="Mercedes VIP"
                   description="Drive Mercedes around North Point Mall in the Stretch's Back Seat during 'The Party'"
                   difficulty="0"
                   length="1"></goal>
    <goal name="Classic%"
                   description="Don't take the taxi during 'Spilling The Beans', or when respawning at a hospital or police station"
                   difficulty="0"
                   length="3"></goal>
    <goal name="Couple of Blocks"
                   description="Buy a Pistol in North Point Mall with Lance during 'Guardian Angels'"
                   difficulty="0"
                   length="1"></goal>
    <goal name="Jury Fury Duty"
                   description="Do what Ken tells you to do and smash up the 'Jury Fury' cars with the hammer"
                   difficulty="0"
                   length="1"></goal>

    <!-- Property purchasing -->
    <goal name="Skumole Shack"
                   description="Buy Skumole Shack"
                   difficulty="0"
                   length="0"></goal>
    <goal name="All Safehouses"
                   description="Buy all 7 safehouses (not the assets)"
                   difficulty="1"
                   length="2"></goal>
    <goal name="All properties"
                   description="Buy all 16 properties"
                   difficulty="1"
                   length="3"></goal>
    <!--  Asset completion -->
    <goal name="Complete 1 asset"
                   description="Complete 1 asset"
                   difficulty="0"
                   length="3"></goal>
    <goal name="Complete 3 assets"
                   description="Complete 3 different assets"
                   difficulty="0"
                   length="4"></goal>
    <goal name="Complete 5 assets"
                   description="Complete 5 different assets"
                   difficulty="1"
                   length="5"></goal>
    <goal name="Complete 7 assets"
                   description="Complete 7 different assets"
                   difficulty="1"
                   length="5"></goal>
    <goal name="Complete 9 assets"
                   description="Complete all 9 different assets"
                   difficulty="2"
                   length="5"></goal>
    <!-- Asset missions -->
    <goal name="Cabmageddon"
                   description="Complete 'Cabmageddon'"
                   difficulty="0"
                   length="4"></goal>
    <goal name="Lap Dance"
                   description="Spend $300 on the Pole Position Lap Dance and complete the asset"
                   difficulty="0"
                   length="3"></goal>
    <goal name="Hit the Courier"
                   description="Finish 'Hit the Courier'"
                   difficulty="0"
                   length="4"></goal>
    <goal name="Checkpoint Charlie"
                   description="Finish 'Checkpoint Charlie'"
                   difficulty="3"
                   length="3"></goal>
    <goal name="Cop Land"
                   description="Finish 'Cop Land'"
                   difficulty="1"
                   length="4"></goal>
    <goal name="25 icecream deals"
                   description="Sell 25 'Icecream' in a row"
                   difficulty="1"
                   length="3"></goal>
    <goal name="Distribution"
                   description="Finish 'Distribution'"
                   difficulty="1"
                   length="4"></goal>
    <goal name="G-Spotlight"
                   description="Finish 'G-Spotlight'"
                   difficulty="2"
                   length="5"></goal>
    <goal name="Martha's Mug Shot"
                   description="Finish 'Marthas Mug Shot'"
                   difficulty="2"
                   length="4"></goal>
    <goal name="The Job"
                   description="Finish 'The Job'"
                   difficulty="3"
                   length="5"></goal>
    <goal name="No Escape?"
                   description="Finish 'No Escape'"
                   difficulty="2"
                   length="3"></goal>
    <goal name="The Driver"
                   description="Finish 'The Driver'"
                   difficulty="3"
                   length="4"></goal>
    <goal name="Shooting Range Fast Reload"
                   description="Get 45 points on the shooting range and earn the fast reload ability"
                   difficulty="2"
                   length="4"></goal>
    <goal name="Boomshine Saigon"
                   description="Finish 'Boomshine Saigon'"
                   difficulty="3"
                   length="5"></goal>

    <!-- SSA Stuff -->
    <goal name="VC Endurance"
                   description="Win the V.C. Endurance race"
                   difficulty="0"
                   length="3"></goal>
    <goal name="3 street races"
                   description="Win 3 different streetraces from Sunshine Autos"
                   difficulty="0"
                   length="3"></goal>
    <goal name="4 street races"
                   description="Win 4 different streetraces from Sunshine Autos"
                   difficulty="1"
                   length="3"></goal>
    <goal name="6 street races"
                   description="Win all 6 different streetraces from Sunshine Autos"
                   difficulty="1"
                   length="4"></goal>
    <goal name="1 import list"
                   description="Complete the first of the car import lists at Sunshine Autos"
                   difficulty="0"
                   length="3"></goal>
    <goal name="2 import lists"
                   description="Complete the second of the car import lists at Sunshine Autos"
                   difficulty="1"
                   length="4"></goal>
    <goal name="3 import lists"
                   description="Complete the third of the car import lists at Sunshine Autos"
                   difficulty="1"
                   length="4"></goal>
    <goal name="4 import lists"
                   description="Complete the fourth and last of the car import lists at Sunshine Autos"
                   difficulty="1"
                   length="5"></goal>
    <goal name="Mini Super SSA"
                   description="Ram the lighthouse with all 4 reward cars from the Sunshine Autos import lists"
                   difficulty="1"
                   length="5"></goal>

    <!-- Car in garage -->
    <goal name="Chauvinist"
                   description="Put a Patriot in your garage"
                   difficulty="0"
                   length="1"></goal>
    <goal name="Poacher"
                   description="Put a Rhino in your garage"
                   difficulty="3"
                   length="3"></goal>
    <goal name="In with a bang"
                   description="Put a Bloodring Banger in your garage"
                   difficulty="1"
                   length="1"></goal>
    <goal name="FBI Rancher's Barn "
                   description="Put an FBI Rancher in your garage"
                   difficulty="3"
                   length="2"></goal>
    <goal name="Lucky Walton 7"
                   description="Put 7 Waltons in your garages"
                   difficulty="1"
                   length="2"></goal>
    <goal name="Stretchy Candy"
                   description="Put Candy's Poop Colored Stretch in your garage"
                   difficulty="1"
                   length="4"></goal>
    <goal name="Barracks OL"
                   description="Put a Barracks in your garage"
                   difficulty="3"
                   length="3"></goal>

    <!-- Misc car stuff -->
    <goal name="Tank Flipper"
                   description="Flip a tank so it explodes"
                   difficulty="3"
                   length="3"></goal>
    <goal name="Packer Stunter"
                   description="Jump over 3 different Packers"
                   difficulty="1"
                   length="1"></goal>

    <!-- Money -->
    <goal name="$500.000"
                   description="have at least $500.000 at the end of the run"
                   difficulty="3"
                   length="2"></goal>

    <!-- The hikes -->
    <goal name="Hike Lighthouse -> Prawn Island"
                   description="Go from the top of the lighthouse to the tennis court on Prawn Island without entering a vehicle"
                   difficulty="0"
                   length="0"></goal>
    <goal name="Hike Prawn Island -> Lighthouse"
                   description="Go from the tennis court on Prawn Island to the top of the lighthouse without entering a vehicle"
                   difficulty="0"
                   length="0"></goal>
    <goal name="Hike Airport -> Test Track"
                   description="Go from the southernmost end of the longest airport runway to the Test Track Landstalker without entering a vehicle"
                   difficulty="0"
                   length="0"></goal>
    <goal name="Hike Test Track -> Airport"
                   description="Go from Test Track Landstalker to the southernmost end of the longest airport runway without entering a vehicle"
                   difficulty="0"
                   length="0"></goal>


    <!-- Wanted level stuff-->
    <goal name="Lose 6 stars"
                   description="Lose a 6 star wanted level without loading a save, getting busted, or dying"
                   difficulty="2"
                   length="3"></goal>
    <goal name="Bribe away 6 stars"
                   description="Lose a 6 star wanted level just by picking up cop bribes"
                   difficulty="3"
                   length="3"></goal>
    <goal name="Bribe away 5 stars"
                   description="Lose a 5 star wanted level just by picking up cop bribes"
                   difficulty="3"
                   length="2"></goal>
    <goal name="Bribe away 4 stars"
                   description="Lose a 4 star wanted level just by picking up cop bribes"
                   difficulty="2"
                   length="0"></goal>

    <!-- Misc stuff -->
    <goal name="Backstabber"
                   description="Kill Lance 3 times with a screwdriver"
                   difficulty="0"
                   length="1"></goal>
    <goal name="Roundboat trip"
                   description="Circumvent Vice City by boat"
                   difficulty="0"
                   length="1"></goal>
    <goal name="Ugly car disposal"
                   description="Destroy the Infernus in North Point Mall without using weapons"
                   difficulty="0"
                   length="0"></goal>
    <goal name="Malibu Murder"
                   description="Kill all dancers and guards in the Malibu including guards upstairs. (Police officers coming to hunt you down not required, except for the one on stage)"
                   difficulty="2"
                   length="0"></goal>
    <goal name="Apache"
                   description="Fly in a hunter"
                   difficulty="3"
                   length="4"></goal>
    <goal name="Minigun fun"
                   description="Acquire a minigun"
                   difficulty="2"
                   length="4"></goal>
    <goal name="Landstalker roll"
                   description="Do 10 rolls on the ground in a row with a Landstalker"
                   difficulty="3"
                   length="0"></goal>
    <goal name="Get laid"
                   description="Get laid and have your health go to 125 (or 175 if pizzaboy has been passed)"
                   difficulty="0"
                   length="0"></goal>
    <goal name="25 Beachball bounces"
                   description="Do 25 bounces in a row with a beach ball"
                   difficulty="3"
                   length="0"></goal>
    <goal name="Firetruck Vs Caddy"
                   description="Smash into a driving golf cart headon with a firetruck"
                   difficulty="3"
                   length="3"></goal>
    <goal name="Bus Driver"
                   description="Make 50 dollars by doing the bus driver minigame"
                   difficulty="1"
                   length="0"></goal>
    <goal name="Bird Buster"
                   description="Kill a seagull"
                   difficulty="0"
                   length="0"></goal>
    <goal name="2 seconds - 2 wheels"
                   description="Do a Two Wheels Double Bonus for 2 seconds"
                   difficulty="2"
                   length="0"></goal>
    <goal name="15 second Wheelie"
                   description="Do a Wheelie for 15 seconds"
                   difficulty="3"
                   length="0"></goal>
    <goal name="Nice Pants"
                   description="Acquire the Golfer Outfit"
                   difficulty="0"
                   length="2"></goal>

    <!-- Never do X challenges -->
    <goal name="Never save"
                   description="No saving allowed, not even to advance time."
                   difficulty="3"
                   length="1"></goal>
    <goal name="Never load"
                   description="No loading the game allowed, but saving to advance time is fine."
                   difficulty="2"
                   length="0"></goal>
    <goal name="No Orange guns"
                   description="Don't use Assault rifles/weapons in the orange category. 'SUpply and Demand' and Rampages are excluded."
                   difficulty="2"
                   length="0"></goal>
    <goal name="No Yellow Guns"
                   description="Don't use Machine Guns/weapons in the yellow category. AKA. NO UZI! Includes drivebys. Rampages are excluded."
                   difficulty="3"
                   length="0"></goal>
    <goal name="No Helicopters"
                   description="Don't use Helicopters. 'Demolition Man', Chopper Checkpoint and RC Raider Pickup excluded."
                   difficulty="1"
                   length="0"></goal>
    <goal name="Mission Failer"
                   description="Every mission you start, if it changes the savefile name, must be failed at least once, at least once"
                   difficulty="1"
                   length="2"></goal>
    <goal name="Classic controls"
                   description="Do 5 missions that change the savefile name using classic controls, to be enabled in the settings"
                   difficulty="2"
                   length="0"></goal>
    <goal name="No reversing"
                   description="Do not put your vehicle in reverse"
                   difficulty="3"
                   length="0"></goal>

    <!-- Easter Eggs -->
    <goal name="Gorbatchegg"
                   description="Find Mikhail Gorbachev"
                   difficulty="0"
                   length="0"></goal>
    <goal name="Easter Egg"
                   description="Find a real Easter Egg"
                   difficulty="0"
                   length="0"></goal>
    <goal name="Bloody Eggs"
                   description="Find a bathroom with blood all over and a chainsaw"
                   difficulty="0"
                   length="0"></goal>
    <goal name="So Many Eggs"
                   description="Find Mikhail Gorbachev, a real Easter Egg, and a bathroom with blood all over"
                   difficulty="0"
                   length="0"></goal>

    <!-- Music listener & cutscenes -->
    <goal name="Rrrrrrrrrradio Espantosooooo"
                   description="Stop movement and listen to entire 'La Vida Es Una Lenteija' on Radio Espantoso"
                   difficulty="2"
                   length="0"></goal>
    <goal name="Rap Attack"
                   description="Stop movement and listen to entire 'Magic Wand' by Whodini on Wildstyle"
                   difficulty="2"
                   length="0"></goal>
    <goal name="Can you tell me where my streamer has gone?"
                   description="Stop movement and listen to entire 'Japanese Boy' by Aneka on Flash FM"
                   difficulty="2"
                   length="0"></goal>
    <goal name="5 cutscenes"
                   description="Finish 5 missions that change the savefile name without skipping any of their cutscenes."
                   difficulty="2"
                   length="0"></goal>

    <!-- New Goals by S.-->
    <goal name="Vigilante level 24"
                   description="Complete Vigilante level 24"
                   difficulty="3"
                   length="3"></goal>
    <goal name="Boatball"
                   description="Bounce a beachball on your head while standing on a boat"
                   difficulty="3"
                   length="1"></goal>
    <goal name="5 Beachball bounces on the beach"
                   description="Find a beachball on the beach, then bounce it on your head 5 times"
                   difficulty="1"
                   length="0"></goal>
    <goal name="No Pitstops allowed"
                   description="Finish all 6 different Sunshine Autos races in a single vehicle without repairing it during"
                   difficulty="3"
                   length="4"></goal>
    <goal name="RIOT!"
                   description="Get the Spand Express uniform during 'Riot' and then kill all the rioters with your fists, or have them kill each other."
                   difficulty="2"
                   length="1"></goal>
    <goal name="It shone, pale as bone"
                   description="Change the size of the moon"
                   difficulty="0"
                   length="0"></goal>
    <goal name="No parked vehicle spawns"
                   description="It is not allowed to take parked vehicles. Only vehicles that have previously had a driver during gameplay may be driven. Previously stolen vehicles may be entered again, and parked vehicles required for missions (such as Lance's Infernus on Back Alley Brawl or the boat on The Fastest Boat) are excepted. Includes vehicles for PCJ Playground etc, these must be stolen off the road first. (Except for Top Fun vans)"
                   difficulty="2"
                   length="0"></goal>
    <goal name="Admiral meets Mansion"
                   description="Drive Ken's White Admiral from the intro inside Diaz's/Tommy's mansion on Starfish Island"
                   difficulty="3"
                   length="3"></goal>
    <goal name="Accuracy > 90%"
                   description="Have over 90% accuracy at the end of the run"
                   difficulty="1"
                   length="1"></goal>
    <goal name="% / 5"
                   description="In game percentage (truncated, as it appears in stats) must be evenly divisible by 5 at the end of the run"
                   difficulty="1"
                   length="1"></goal>
    <goal name="Good Citizen"
                   description="Earn the Good Citizen / Nice Guy bonus"
                   difficulty="0"
                   length="0"></goal>
    <goal name="Citizen of the Month"
                   description="Earn $500 total via Good Citizen / Nice Guy bonuses"
                   difficulty="0"
                   length="1"></goal>
    <goal name="Boat Hopper"
                   description="Jump onto a moving boat, then from that boat onto another moving boat."
                   difficulty="3"
                   length="0"></goal>
    <goal name="6 Star Mission"
                   description="Do an entire mission that changes the savefile name with a 6* wanted level (must be acquired before starting the mission, and kept all the way until mission passed"
                   difficulty="3"
                   length="3"></goal>
    <goal name="Melee Master"
                   description="Kill someone with all 10 melee weapons in the game, as well as with the brass knuckles"
                   difficulty="0"
                  length="0"></goal>

    
        <!-- New Goals by GTA community-->
    <goal name="Vigilante level 18"
                   description="Complete Vigilante level 18"
                   difficulty="3"
                   length="3"></goal>
    <goal name="Power Saver"
                   description="Smash all the lamp posts on Links Bridge"
                   difficulty="0"
                   length="0"></goal>
    <goal name="Boat Flip"
                   description="Flip a boat upside down"
                   difficulty="1"
                   length="0"></goal>
    <goal name="Cone Crazy Any%"
                   description="Get a new Personal Best in Cone Crazy 9 times."
                   difficulty="1"
                   length="1"></goal>
    <goal name="Boat Flip"
                   description="Flip a boat upside down"
                   difficulty="1"
                   length="0"></goal>
    <goal name="Black Sanchez"
                   description="Acquire a black sanchez by doing Trial by Dirt 3 times"
                   difficulty="1"
                   length="1"></goal>
    <goal name="No PCJ"
                   description="Driving the PCJ is prohibited (Except to do PCJ Playground)"
                   difficulty="1"
                   length="0"></goal>
    <goal name="Not so Nice Guy"
                   description="Help a criminal on the run by eliminating the cop who is chasing him"
                   difficulty="0"
                   length="0"></goal>
    <goal name="Free Wheelie"
                   description="Get a wheelie award of at least 5 seconds with the Freeway or Angel"
                   difficulty="0"
                   length="0"></goal>
    
    
    

  </goals>
</bingoals>